<?xml version="1.0" encoding="UTF-8"?>
<project-private xmlns="http://www.netbeans.org/ns/project-private/1">
    <editor-bookmarks xmlns="http://www.netbeans.org/ns/editor-bookmarks/2" lastBookmarkId="0"/>
    <open-files xmlns="http://www.netbeans.org/ns/projectui-open-files/2">
        <group>
            <file>file:/C:/Users/JuanMi025/Documents/NetBeansProjects/mavenproject1/Practicas_modelo1/src/ventana_principal/pricipal_ventana.java</file>
            <file>file:/C:/Users/JuanMi025/Documents/NetBeansProjects/mavenproject1/Practicas_modelo1/src/org/example/Main.java</file>
            <file>file:/C:/Users/JuanMi025/Documents/NetBeansProjects/mavenproject1/Practicas_modelo1/src/com/Informatico/Usuarios_Add.java</file>
            <file>file:/C:/Users/JuanMi025/Documents/NetBeansProjects/mavenproject1/Practicas_modelo1/src/com/interfaces_user/Login_1.java</file>
        </group>
    </open-files>
</project-private>
